industry_id,industry_name,city,state,year,download_url
122,JKLakshmi,Jhajjar,Haryana,2016,https://archive.org/download/ocems-data-archive/2016/122.csv.gz
122,JKLakshmi,Jhajjar,Haryana,2017,https://archive.org/download/ocems-data-archive/2017/122.csv.gz
122,JKLakshmi,Jhajjar,Haryana,2018,https://archive.org/download/ocems-data-archive/2018/122.csv.gz
122,JKLakshmi,Jhajjar,Haryana,2019,https://archive.org/download/ocems-data-archive/2019/122.csv.gz
122,JKLakshmi,Jhajjar,Haryana,2020,https://archive.org/download/ocems-data-archive/2020/122.csv.gz
122,JKLakshmi,Jhajjar,Haryana,2021,https://archive.org/download/ocems-data-archive/2021/122.csv.gz
122,JKLakshmi,Jhajjar,Haryana,2022,https://archive.org/download/ocems-data-archive/2022/122.csv.gz
122,JKLakshmi,Jhajjar,Haryana,2023,https://archive.org/download/ocems-data-archive/2023/122.csv.gz
1009,Multiwal Duplex Private Limited,Kashipur,Uttarakhand,2016,https://archive.org/download/ocems-data-archive/2016/1009.csv.gz
1009,Multiwal Duplex Private Limited,Kashipur,Uttarakhand,2017,https://archive.org/download/ocems-data-archive/2017/1009.csv.gz
1009,Multiwal Duplex Private Limited,Kashipur,Uttarakhand,2018,https://archive.org/download/ocems-data-archive/2018/1009.csv.gz
1009,Multiwal Duplex Private Limited,Kashipur,Uttarakhand,2019,https://archive.org/download/ocems-data-archive/2019/1009.csv.gz
1009,Multiwal Duplex Private Limited,Kashipur,Uttarakhand,2020,https://archive.org/download/ocems-data-archive/2020/1009.csv.gz
1009,Multiwal Duplex Private Limited,Kashipur,Uttarakhand,2021,https://archive.org/download/ocems-data-archive/2021/1009.csv.gz
1009,Multiwal Duplex Private Limited,Kashipur,Uttarakhand,2022,https://archive.org/download/ocems-data-archive/2022/1009.csv.gz
1009,Multiwal Duplex Private Limited,Kashipur,Uttarakhand,2023,https://archive.org/download/ocems-data-archive/2023/1009.csv.gz
1021,INDAGRO FOODS PRIVATE LIMITED,UNNAO,UP,2016,https://archive.org/download/ocems-data-archive/2016/1021.csv.gz
1021,INDAGRO FOODS PRIVATE LIMITED,UNNAO,UP,2017,https://archive.org/download/ocems-data-archive/2017/1021.csv.gz
1021,INDAGRO FOODS PRIVATE LIMITED,UNNAO,UP,2018,https://archive.org/download/ocems-data-archive/2018/1021.csv.gz
1021,INDAGRO FOODS PRIVATE LIMITED,UNNAO,UP,2019,https://archive.org/download/ocems-data-archive/2019/1021.csv.gz
1021,INDAGRO FOODS PRIVATE LIMITED,UNNAO,UP,2020,https://archive.org/download/ocems-data-archive/2020/1021.csv.gz
1021,INDAGRO FOODS PRIVATE LIMITED,UNNAO,UP,2021,https://archive.org/download/ocems-data-archive/2021/1021.csv.gz
1021,INDAGRO FOODS PRIVATE LIMITED,UNNAO,UP,2022,https://archive.org/download/ocems-data-archive/2022/1021.csv.gz
1021,INDAGRO FOODS PRIVATE LIMITED,UNNAO,UP,2023,https://archive.org/download/ocems-data-archive/2023/1021.csv.gz
1025,Teva ETP,Gajraula,UP,2016,https://archive.org/download/ocems-data-archive/2016/1025.csv.gz
1025,Teva ETP,Gajraula,UP,2017,https://archive.org/download/ocems-data-archive/2017/1025.csv.gz
1025,Teva ETP,Gajraula,UP,2018,https://archive.org/download/ocems-data-archive/2018/1025.csv.gz
1025,Teva ETP,Gajraula,UP,2019,https://archive.org/download/ocems-data-archive/2019/1025.csv.gz
1025,Teva ETP,Gajraula,UP,2020,https://archive.org/download/ocems-data-archive/2020/1025.csv.gz
1025,Teva ETP,Gajraula,UP,2021,https://archive.org/download/ocems-data-archive/2021/1025.csv.gz
1025,Teva ETP,Gajraula,UP,2022,https://archive.org/download/ocems-data-archive/2022/1025.csv.gz
1025,Teva ETP,Gajraula,UP,2023,https://archive.org/download/ocems-data-archive/2023/1025.csv.gz
1029,M/s Calico Trends (Banther unit),Unnao,UP,2016,https://archive.org/download/ocems-data-archive/2016/1029.csv.gz
1029,M/s Calico Trends (Banther unit),Unnao,UP,2017,https://archive.org/download/ocems-data-archive/2017/1029.csv.gz
1029,M/s Calico Trends (Banther unit),Unnao,UP,2018,https://archive.org/download/ocems-data-archive/2018/1029.csv.gz
1029,M/s Calico Trends (Banther unit),Unnao,UP,2019,https://archive.org/download/ocems-data-archive/2019/1029.csv.gz
1029,M/s Calico Trends (Banther unit),Unnao,UP,2020,https://archive.org/download/ocems-data-archive/2020/1029.csv.gz
1029,M/s Calico Trends (Banther unit),Unnao,UP,2021,https://archive.org/download/ocems-data-archive/2021/1029.csv.gz
1029,M/s Calico Trends (Banther unit),Unnao,UP,2022,https://archive.org/download/ocems-data-archive/2022/1029.csv.gz
1029,M/s Calico Trends (Banther unit),Unnao,UP,2023,https://archive.org/download/ocems-data-archive/2023/1029.csv.gz
1032,EID Parry  India Ltd,HALIYAL,Karnataka,2016,https://archive.org/download/ocems-data-archive/2016/1032.csv.gz
1032,EID Parry  India Ltd,HALIYAL,Karnataka,2017,https://archive.org/download/ocems-data-archive/2017/1032.csv.gz
1032,EID Parry  India Ltd,HALIYAL,Karnataka,2018,https://archive.org/download/ocems-data-archive/2018/1032.csv.gz
1032,EID Parry  India Ltd,HALIYAL,Karnataka,2019,https://archive.org/download/ocems-data-archive/2019/1032.csv.gz
1032,EID Parry  India Ltd,HALIYAL,Karnataka,2020,https://archive.org/download/ocems-data-archive/2020/1032.csv.gz
1032,EID Parry  India Ltd,HALIYAL,Karnataka,2021,https://archive.org/download/ocems-data-archive/2021/1032.csv.gz
1032,EID Parry  India Ltd,HALIYAL,Karnataka,2022,https://archive.org/download/ocems-data-archive/2022/1032.csv.gz
1032,EID Parry  India Ltd,HALIYAL,Karnataka,2023,https://archive.org/download/ocems-data-archive/2023/1032.csv.gz
1035,"ACC Cement Ltd, Lakheri",Lakheri,Rajasthan,2015,https://archive.org/download/ocems-data-archive/2015/1035.csv.gz
1035,"ACC Cement Ltd, Lakheri",Lakheri,Rajasthan,2016,https://archive.org/download/ocems-data-archive/2016/1035.csv.gz
1035,"ACC Cement Ltd, Lakheri",Lakheri,Rajasthan,2017,https://archive.org/download/ocems-data-archive/2017/1035.csv.gz
1035,"ACC Cement Ltd, Lakheri",Lakheri,Rajasthan,2018,https://archive.org/download/ocems-data-archive/2018/1035.csv.gz
1035,"ACC Cement Ltd, Lakheri",Lakheri,Rajasthan,2019,https://archive.org/download/ocems-data-archive/2019/1035.csv.gz
1035,"ACC Cement Ltd, Lakheri",Lakheri,Rajasthan,2020,https://archive.org/download/ocems-data-archive/2020/1035.csv.gz
1035,"ACC Cement Ltd, Lakheri",Lakheri,Rajasthan,2021,https://archive.org/download/ocems-data-archive/2021/1035.csv.gz
1035,"ACC Cement Ltd, Lakheri",Lakheri,Rajasthan,2022,https://archive.org/download/ocems-data-archive/2022/1035.csv.gz
1035,"ACC Cement Ltd, Lakheri",Lakheri,Rajasthan,2023,https://archive.org/download/ocems-data-archive/2023/1035.csv.gz
1038,NCL Industries Limited,Nalgonda,Telangana,2017,https://archive.org/download/ocems-data-archive/2017/1038.csv.gz
1038,NCL Industries Limited,Nalgonda,Telangana,2018,https://archive.org/download/ocems-data-archive/2018/1038.csv.gz
1038,NCL Industries Limited,Nalgonda,Telangana,2019,https://archive.org/download/ocems-data-archive/2019/1038.csv.gz
1038,NCL Industries Limited,Nalgonda,Telangana,2020,https://archive.org/download/ocems-data-archive/2020/1038.csv.gz
1038,NCL Industries Limited,Nalgonda,Telangana,2021,https://archive.org/download/ocems-data-archive/2021/1038.csv.gz
1038,NCL Industries Limited,Nalgonda,Telangana,2022,https://archive.org/download/ocems-data-archive/2022/1038.csv.gz
1038,NCL Industries Limited,Nalgonda,Telangana,2023,https://archive.org/download/ocems-data-archive/2023/1038.csv.gz
1039,"Ultratech Cement Ltd, Dadri",Dadri,UP,2017,https://archive.org/download/ocems-data-archive/2017/1039.csv.gz
1039,"Ultratech Cement Ltd, Dadri",Dadri,UP,2018,https://archive.org/download/ocems-data-archive/2018/1039.csv.gz
1039,"Ultratech Cement Ltd, Dadri",Dadri,UP,2019,https://archive.org/download/ocems-data-archive/2019/1039.csv.gz
1039,"Ultratech Cement Ltd, Dadri",Dadri,UP,2020,https://archive.org/download/ocems-data-archive/2020/1039.csv.gz
1039,"Ultratech Cement Ltd, Dadri",Dadri,UP,2021,https://archive.org/download/ocems-data-archive/2021/1039.csv.gz
1039,"Ultratech Cement Ltd, Dadri",Dadri,UP,2022,https://archive.org/download/ocems-data-archive/2022/1039.csv.gz
1039,"Ultratech Cement Ltd, Dadri",Dadri,UP,2023,https://archive.org/download/ocems-data-archive/2023/1039.csv.gz
1040,ULTRATECH CEMENT LIMITED (Unit: ALIGARH CEMENT WORKS),Aligarh,UP,2017,https://archive.org/download/ocems-data-archive/2017/1040.csv.gz
1040,ULTRATECH CEMENT LIMITED (Unit: ALIGARH CEMENT WORKS),Aligarh,UP,2018,https://archive.org/download/ocems-data-archive/2018/1040.csv.gz
1040,ULTRATECH CEMENT LIMITED (Unit: ALIGARH CEMENT WORKS),Aligarh,UP,2019,https://archive.org/download/ocems-data-archive/2019/1040.csv.gz
1040,ULTRATECH CEMENT LIMITED (Unit: ALIGARH CEMENT WORKS),Aligarh,UP,2020,https://archive.org/download/ocems-data-archive/2020/1040.csv.gz
1040,ULTRATECH CEMENT LIMITED (Unit: ALIGARH CEMENT WORKS),Aligarh,UP,2021,https://archive.org/download/ocems-data-archive/2021/1040.csv.gz
1040,ULTRATECH CEMENT LIMITED (Unit: ALIGARH CEMENT WORKS),Aligarh,UP,2022,https://archive.org/download/ocems-data-archive/2022/1040.csv.gz
1040,ULTRATECH CEMENT LIMITED (Unit: ALIGARH CEMENT WORKS),Aligarh,UP,2023,https://archive.org/download/ocems-data-archive/2023/1040.csv.gz
1041,"Kuantum Papers Ltd,( Formerly known as ABC paper mills, Sailakhurd)",Hoshiarpur,Punjab,2016,https://archive.org/download/ocems-data-archive/2016/1041.csv.gz
1041,"Kuantum Papers Ltd,( Formerly known as ABC paper mills, Sailakhurd)",Hoshiarpur,Punjab,2017,https://archive.org/download/ocems-data-archive/2017/1041.csv.gz
1041,"Kuantum Papers Ltd,( Formerly known as ABC paper mills, Sailakhurd)",Hoshiarpur,Punjab,2018,https://archive.org/download/ocems-data-archive/2018/1041.csv.gz
1041,"Kuantum Papers Ltd,( Formerly known as ABC paper mills, Sailakhurd)",Hoshiarpur,Punjab,2019,https://archive.org/download/ocems-data-archive/2019/1041.csv.gz
1041,"Kuantum Papers Ltd,( Formerly known as ABC paper mills, Sailakhurd)",Hoshiarpur,Punjab,2020,https://archive.org/download/ocems-data-archive/2020/1041.csv.gz
1041,"Kuantum Papers Ltd,( Formerly known as ABC paper mills, Sailakhurd)",Hoshiarpur,Punjab,2021,https://archive.org/download/ocems-data-archive/2021/1041.csv.gz
1041,"Kuantum Papers Ltd,( Formerly known as ABC paper mills, Sailakhurd)",Hoshiarpur,Punjab,2022,https://archive.org/download/ocems-data-archive/2022/1041.csv.gz
1041,"Kuantum Papers Ltd,( Formerly known as ABC paper mills, Sailakhurd)",Hoshiarpur,Punjab,2023,https://archive.org/download/ocems-data-archive/2023/1041.csv.gz
1042,"Trident Ltd, (Paper Div)",Barnala,Punjab,2016,https://archive.org/download/ocems-data-archive/2016/1042.csv.gz
1042,"Trident Ltd, (Paper Div)",Barnala,Punjab,2017,https://archive.org/download/ocems-data-archive/2017/1042.csv.gz
1042,"Trident Ltd, (Paper Div)",Barnala,Punjab,2018,https://archive.org/download/ocems-data-archive/2018/1042.csv.gz
1042,"Trident Ltd, (Paper Div)",Barnala,Punjab,2019,https://archive.org/download/ocems-data-archive/2019/1042.csv.gz
1042,"Trident Ltd, (Paper Div)",Barnala,Punjab,2020,https://archive.org/download/ocems-data-archive/2020/1042.csv.gz
1042,"Trident Ltd, (Paper Div)",Barnala,Punjab,2021,https://archive.org/download/ocems-data-archive/2021/1042.csv.gz
1042,"Trident Ltd, (Paper Div)",Barnala,Punjab,2022,https://archive.org/download/ocems-data-archive/2022/1042.csv.gz
1042,"Trident Ltd, (Paper Div)",Barnala,Punjab,2023,https://archive.org/download/ocems-data-archive/2023/1042.csv.gz
1045,Siddheshwari Paper Mill,Muzaffarnagar,UP,2016,https://archive.org/download/ocems-data-archive/2016/1045.csv.gz
1045,Siddheshwari Paper Mill,Muzaffarnagar,UP,2017,https://archive.org/download/ocems-data-archive/2017/1045.csv.gz
1045,Siddheshwari Paper Mill,Muzaffarnagar,UP,2018,https://archive.org/download/ocems-data-archive/2018/1045.csv.gz
1045,Siddheshwari Paper Mill,Muzaffarnagar,UP,2019,https://archive.org/download/ocems-data-archive/2019/1045.csv.gz
1045,Siddheshwari Paper Mill,Muzaffarnagar,UP,2020,https://archive.org/download/ocems-data-archive/2020/1045.csv.gz
1045,Siddheshwari Paper Mill,Muzaffarnagar,UP,2021,https://archive.org/download/ocems-data-archive/2021/1045.csv.gz
1045,Siddheshwari Paper Mill,Muzaffarnagar,UP,2022,https://archive.org/download/ocems-data-archive/2022/1045.csv.gz
1045,Siddheshwari Paper Mill,Muzaffarnagar,UP,2023,https://archive.org/download/ocems-data-archive/2023/1045.csv.gz
1047,Parijat Paper Mills Limited,Muzaffarnagar,UP,2018,https://archive.org/download/ocems-data-archive/2018/1047.csv.gz
1047,Parijat Paper Mills Limited,Muzaffarnagar,UP,2019,https://archive.org/download/ocems-data-archive/2019/1047.csv.gz
1047,Parijat Paper Mills Limited,Muzaffarnagar,UP,2020,https://archive.org/download/ocems-data-archive/2020/1047.csv.gz
1047,Parijat Paper Mills Limited,Muzaffarnagar,UP,2021,https://archive.org/download/ocems-data-archive/2021/1047.csv.gz
1047,Parijat Paper Mills Limited,Muzaffarnagar,UP,2022,https://archive.org/download/ocems-data-archive/2022/1047.csv.gz
1047,Parijat Paper Mills Limited,Muzaffarnagar,UP,2023,https://archive.org/download/ocems-data-archive/2023/1047.csv.gz
1048,Suyash Kraft & Paper Ltd,Muzaffarnagar,UP,2016,https://archive.org/download/ocems-data-archive/2016/1048.csv.gz
1048,Suyash Kraft & Paper Ltd,Muzaffarnagar,UP,2017,https://archive.org/download/ocems-data-archive/2017/1048.csv.gz
1048,Suyash Kraft & Paper Ltd,Muzaffarnagar,UP,2018,https://archive.org/download/ocems-data-archive/2018/1048.csv.gz
1048,Suyash Kraft & Paper Ltd,Muzaffarnagar,UP,2019,https://archive.org/download/ocems-data-archive/2019/1048.csv.gz
1048,Suyash Kraft & Paper Ltd,Muzaffarnagar,UP,2020,https://archive.org/download/ocems-data-archive/2020/1048.csv.gz
1048,Suyash Kraft & Paper Ltd,Muzaffarnagar,UP,2021,https://archive.org/download/ocems-data-archive/2021/1048.csv.gz
1048,Suyash Kraft & Paper Ltd,Muzaffarnagar,UP,2022,https://archive.org/download/ocems-data-archive/2022/1048.csv.gz
1048,Suyash Kraft & Paper Ltd,Muzaffarnagar,UP,2023,https://archive.org/download/ocems-data-archive/2023/1048.csv.gz
1049,Maruti Papers Limited,Muzaffarnagar,UP,2016,https://archive.org/download/ocems-data-archive/2016/1049.csv.gz
1049,Maruti Papers Limited,Muzaffarnagar,UP,2017,https://archive.org/download/ocems-data-archive/2017/1049.csv.gz
1049,Maruti Papers Limited,Muzaffarnagar,UP,2018,https://archive.org/download/ocems-data-archive/2018/1049.csv.gz
1049,Maruti Papers Limited,Muzaffarnagar,UP,2019,https://archive.org/download/ocems-data-archive/2019/1049.csv.gz
1049,Maruti Papers Limited,Muzaffarnagar,UP,2020,https://archive.org/download/ocems-data-archive/2020/1049.csv.gz
1049,Maruti Papers Limited,Muzaffarnagar,UP,2021,https://archive.org/download/ocems-data-archive/2021/1049.csv.gz
1049,Maruti Papers Limited,Muzaffarnagar,UP,2022,https://archive.org/download/ocems-data-archive/2022/1049.csv.gz
1049,Maruti Papers Limited,Muzaffarnagar,UP,2023,https://archive.org/download/ocems-data-archive/2023/1049.csv.gz
1050,Vishwanath Paper & Board Ltd,Jaspur,Uttarakhand,2016,https://archive.org/download/ocems-data-archive/2016/1050.csv.gz
1050,Vishwanath Paper & Board Ltd,Jaspur,Uttarakhand,2017,https://archive.org/download/ocems-data-archive/2017/1050.csv.gz
1050,Vishwanath Paper & Board Ltd,Jaspur,Uttarakhand,2018,https://archive.org/download/ocems-data-archive/2018/1050.csv.gz
1050,Vishwanath Paper & Board Ltd,Jaspur,Uttarakhand,2019,https://archive.org/download/ocems-data-archive/2019/1050.csv.gz
1050,Vishwanath Paper & Board Ltd,Jaspur,Uttarakhand,2020,https://archive.org/download/ocems-data-archive/2020/1050.csv.gz
1050,Vishwanath Paper & Board Ltd,Jaspur,Uttarakhand,2021,https://archive.org/download/ocems-data-archive/2021/1050.csv.gz
1050,Vishwanath Paper & Board Ltd,Jaspur,Uttarakhand,2022,https://archive.org/download/ocems-data-archive/2022/1050.csv.gz
1050,Vishwanath Paper & Board Ltd,Jaspur,Uttarakhand,2023,https://archive.org/download/ocems-data-archive/2023/1050.csv.gz
1051,Suchi Paper Mills Ltd,G.b. Nagar,UP,2015,https://archive.org/download/ocems-data-archive/2015/1051.csv.gz
1051,Suchi Paper Mills Ltd,G.b. Nagar,UP,2016,https://archive.org/download/ocems-data-archive/2016/1051.csv.gz
1051,Suchi Paper Mills Ltd,G.b. Nagar,UP,2017,https://archive.org/download/ocems-data-archive/2017/1051.csv.gz
1051,Suchi Paper Mills Ltd,G.b. Nagar,UP,2018,https://archive.org/download/ocems-data-archive/2018/1051.csv.gz
1051,Suchi Paper Mills Ltd,G.b. Nagar,UP,2019,https://archive.org/download/ocems-data-archive/2019/1051.csv.gz
1051,Suchi Paper Mills Ltd,G.b. Nagar,UP,2020,https://archive.org/download/ocems-data-archive/2020/1051.csv.gz
1051,Suchi Paper Mills Ltd,G.b. Nagar,UP,2021,https://archive.org/download/ocems-data-archive/2021/1051.csv.gz
1051,Suchi Paper Mills Ltd,G.b. Nagar,UP,2022,https://archive.org/download/ocems-data-archive/2022/1051.csv.gz
1051,Suchi Paper Mills Ltd,G.b. Nagar,UP,2023,https://archive.org/download/ocems-data-archive/2023/1051.csv.gz
1052,Mohan Meakin Limited Ghaziabad,Ghaziabad,UP,2016,https://archive.org/download/ocems-data-archive/2016/1052.csv.gz
1052,Mohan Meakin Limited Ghaziabad,Ghaziabad,UP,2017,https://archive.org/download/ocems-data-archive/2017/1052.csv.gz
1052,Mohan Meakin Limited Ghaziabad,Ghaziabad,UP,2018,https://archive.org/download/ocems-data-archive/2018/1052.csv.gz
1052,Mohan Meakin Limited Ghaziabad,Ghaziabad,UP,2019,https://archive.org/download/ocems-data-archive/2019/1052.csv.gz
1052,Mohan Meakin Limited Ghaziabad,Ghaziabad,UP,2020,https://archive.org/download/ocems-data-archive/2020/1052.csv.gz
1052,Mohan Meakin Limited Ghaziabad,Ghaziabad,UP,2021,https://archive.org/download/ocems-data-archive/2021/1052.csv.gz
1052,Mohan Meakin Limited Ghaziabad,Ghaziabad,UP,2022,https://archive.org/download/ocems-data-archive/2022/1052.csv.gz
1052,Mohan Meakin Limited Ghaziabad,Ghaziabad,UP,2023,https://archive.org/download/ocems-data-archive/2023/1052.csv.gz
1053,Mohit Paper Mills Ltd,Bijnaur,UP,2016,https://archive.org/download/ocems-data-archive/2016/1053.csv.gz
1053,Mohit Paper Mills Ltd,Bijnaur,UP,2017,https://archive.org/download/ocems-data-archive/2017/1053.csv.gz
1053,Mohit Paper Mills Ltd,Bijnaur,UP,2018,https://archive.org/download/ocems-data-archive/2018/1053.csv.gz
1053,Mohit Paper Mills Ltd,Bijnaur,UP,2019,https://archive.org/download/ocems-data-archive/2019/1053.csv.gz
1053,Mohit Paper Mills Ltd,Bijnaur,UP,2020,https://archive.org/download/ocems-data-archive/2020/1053.csv.gz
1053,Mohit Paper Mills Ltd,Bijnaur,UP,2021,https://archive.org/download/ocems-data-archive/2021/1053.csv.gz
1053,Mohit Paper Mills Ltd,Bijnaur,UP,2022,https://archive.org/download/ocems-data-archive/2022/1053.csv.gz
1053,Mohit Paper Mills Ltd,Bijnaur,UP,2023,https://archive.org/download/ocems-data-archive/2023/1053.csv.gz
1055,Satia Industries Limited,Mukatsar,Punjab,2016,https://archive.org/download/ocems-data-archive/2016/1055.csv.gz
1055,Satia Industries Limited,Mukatsar,Punjab,2017,https://archive.org/download/ocems-data-archive/2017/1055.csv.gz
1055,Satia Industries Limited,Mukatsar,Punjab,2018,https://archive.org/download/ocems-data-archive/2018/1055.csv.gz
1055,Satia Industries Limited,Mukatsar,Punjab,2019,https://archive.org/download/ocems-data-archive/2019/1055.csv.gz
1055,Satia Industries Limited,Mukatsar,Punjab,2020,https://archive.org/download/ocems-data-archive/2020/1055.csv.gz
1055,Satia Industries Limited,Mukatsar,Punjab,2021,https://archive.org/download/ocems-data-archive/2021/1055.csv.gz
1055,Satia Industries Limited,Mukatsar,Punjab,2022,https://archive.org/download/ocems-data-archive/2022/1055.csv.gz
1055,Satia Industries Limited,Mukatsar,Punjab,2023,https://archive.org/download/ocems-data-archive/2023/1055.csv.gz
1056,Rajlakshmi Paper & Board Pvt Ltd,Bazpur,Uttarakhand,2016,https://archive.org/download/ocems-data-archive/2016/1056.csv.gz
1056,Rajlakshmi Paper & Board Pvt Ltd,Bazpur,Uttarakhand,2017,https://archive.org/download/ocems-data-archive/2017/1056.csv.gz
1056,Rajlakshmi Paper & Board Pvt Ltd,Bazpur,Uttarakhand,2018,https://archive.org/download/ocems-data-archive/2018/1056.csv.gz
1056,Rajlakshmi Paper & Board Pvt Ltd,Bazpur,Uttarakhand,2019,https://archive.org/download/ocems-data-archive/2019/1056.csv.gz
1056,Rajlakshmi Paper & Board Pvt Ltd,Bazpur,Uttarakhand,2020,https://archive.org/download/ocems-data-archive/2020/1056.csv.gz
1056,Rajlakshmi Paper & Board Pvt Ltd,Bazpur,Uttarakhand,2021,https://archive.org/download/ocems-data-archive/2021/1056.csv.gz
1056,Rajlakshmi Paper & Board Pvt Ltd,Bazpur,Uttarakhand,2022,https://archive.org/download/ocems-data-archive/2022/1056.csv.gz
1056,Rajlakshmi Paper & Board Pvt Ltd,Bazpur,Uttarakhand,2023,https://archive.org/download/ocems-data-archive/2023/1056.csv.gz
1057,Chandrapura Thermal Power Station DVC,Chandrapura,Jharkhand,2016,https://archive.org/download/ocems-data-archive/2016/1057.csv.gz
1057,Chandrapura Thermal Power Station DVC,Chandrapura,Jharkhand,2017,https://archive.org/download/ocems-data-archive/2017/1057.csv.gz
1057,Chandrapura Thermal Power Station DVC,Chandrapura,Jharkhand,2018,https://archive.org/download/ocems-data-archive/2018/1057.csv.gz
1057,Chandrapura Thermal Power Station DVC,Chandrapura,Jharkhand,2019,https://archive.org/download/ocems-data-archive/2019/1057.csv.gz
1057,Chandrapura Thermal Power Station DVC,Chandrapura,Jharkhand,2020,https://archive.org/download/ocems-data-archive/2020/1057.csv.gz
1057,Chandrapura Thermal Power Station DVC,Chandrapura,Jharkhand,2021,https://archive.org/download/ocems-data-archive/2021/1057.csv.gz
1057,Chandrapura Thermal Power Station DVC,Chandrapura,Jharkhand,2022,https://archive.org/download/ocems-data-archive/2022/1057.csv.gz
1057,Chandrapura Thermal Power Station DVC,Chandrapura,Jharkhand,2023,https://archive.org/download/ocems-data-archive/2023/1057.csv.gz
1058,Mohan Meakin Ltd Kasauli,Kasauli,Himachal Pradesh,2016,https://archive.org/download/ocems-data-archive/2016/1058.csv.gz
1058,Mohan Meakin Ltd Kasauli,Kasauli,Himachal Pradesh,2017,https://archive.org/download/ocems-data-archive/2017/1058.csv.gz
1058,Mohan Meakin Ltd Kasauli,Kasauli,Himachal Pradesh,2018,https://archive.org/download/ocems-data-archive/2018/1058.csv.gz
1058,Mohan Meakin Ltd Kasauli,Kasauli,Himachal Pradesh,2019,https://archive.org/download/ocems-data-archive/2019/1058.csv.gz
1058,Mohan Meakin Ltd Kasauli,Kasauli,Himachal Pradesh,2020,https://archive.org/download/ocems-data-archive/2020/1058.csv.gz
1058,Mohan Meakin Ltd Kasauli,Kasauli,Himachal Pradesh,2021,https://archive.org/download/ocems-data-archive/2021/1058.csv.gz
1058,Mohan Meakin Ltd Kasauli,Kasauli,Himachal Pradesh,2022,https://archive.org/download/ocems-data-archive/2022/1058.csv.gz
1058,Mohan Meakin Ltd Kasauli,Kasauli,Himachal Pradesh,2023,https://archive.org/download/ocems-data-archive/2023/1058.csv.gz
1059,Sandeep Paper Mills Pvt Ltd,Noida,UP,2016,https://archive.org/download/ocems-data-archive/2016/1059.csv.gz
1059,Sandeep Paper Mills Pvt Ltd,Noida,UP,2017,https://archive.org/download/ocems-data-archive/2017/1059.csv.gz
1059,Sandeep Paper Mills Pvt Ltd,Noida,UP,2018,https://archive.org/download/ocems-data-archive/2018/1059.csv.gz
1059,Sandeep Paper Mills Pvt Ltd,Noida,UP,2019,https://archive.org/download/ocems-data-archive/2019/1059.csv.gz
1059,Sandeep Paper Mills Pvt Ltd,Noida,UP,2020,https://archive.org/download/ocems-data-archive/2020/1059.csv.gz
1059,Sandeep Paper Mills Pvt Ltd,Noida,UP,2021,https://archive.org/download/ocems-data-archive/2021/1059.csv.gz
1059,Sandeep Paper Mills Pvt Ltd,Noida,UP,2022,https://archive.org/download/ocems-data-archive/2022/1059.csv.gz
1059,Sandeep Paper Mills Pvt Ltd,Noida,UP,2023,https://archive.org/download/ocems-data-archive/2023/1059.csv.gz
1063,Shree Bhageshwari Papers Limited- Unit 2,Muzaffarnagar,UP,2017,https://archive.org/download/ocems-data-archive/2017/1063.csv.gz
1063,Shree Bhageshwari Papers Limited- Unit 2,Muzaffarnagar,UP,2018,https://archive.org/download/ocems-data-archive/2018/1063.csv.gz
1063,Shree Bhageshwari Papers Limited- Unit 2,Muzaffarnagar,UP,2019,https://archive.org/download/ocems-data-archive/2019/1063.csv.gz
1063,Shree Bhageshwari Papers Limited- Unit 2,Muzaffarnagar,UP,2020,https://archive.org/download/ocems-data-archive/2020/1063.csv.gz
1063,Shree Bhageshwari Papers Limited- Unit 2,Muzaffarnagar,UP,2021,https://archive.org/download/ocems-data-archive/2021/1063.csv.gz
1063,Shree Bhageshwari Papers Limited- Unit 2,Muzaffarnagar,UP,2022,https://archive.org/download/ocems-data-archive/2022/1063.csv.gz
1063,Shree Bhageshwari Papers Limited- Unit 2,Muzaffarnagar,UP,2023,https://archive.org/download/ocems-data-archive/2023/1063.csv.gz
1068,PNC Delhi Industrial Infra Pvt Ltd,North Delhi,Delhi,2017,https://archive.org/download/ocems-data-archive/2017/1068.csv.gz
1068,PNC Delhi Industrial Infra Pvt Ltd,North Delhi,Delhi,2018,https://archive.org/download/ocems-data-archive/2018/1068.csv.gz
1068,PNC Delhi Industrial Infra Pvt Ltd,North Delhi,Delhi,2019,https://archive.org/download/ocems-data-archive/2019/1068.csv.gz
1068,PNC Delhi Industrial Infra Pvt Ltd,North Delhi,Delhi,2020,https://archive.org/download/ocems-data-archive/2020/1068.csv.gz
1068,PNC Delhi Industrial Infra Pvt Ltd,North Delhi,Delhi,2021,https://archive.org/download/ocems-data-archive/2021/1068.csv.gz
1068,PNC Delhi Industrial Infra Pvt Ltd,North Delhi,Delhi,2022,https://archive.org/download/ocems-data-archive/2022/1068.csv.gz
1068,PNC Delhi Industrial Infra Pvt Ltd,North Delhi,Delhi,2023,https://archive.org/download/ocems-data-archive/2023/1068.csv.gz
1069,The West Coast Paper Mills Ltd,Dandeli,Karnataka,2017,https://archive.org/download/ocems-data-archive/2017/1069.csv.gz
1069,The West Coast Paper Mills Ltd,Dandeli,Karnataka,2018,https://archive.org/download/ocems-data-archive/2018/1069.csv.gz
1069,The West Coast Paper Mills Ltd,Dandeli,Karnataka,2019,https://archive.org/download/ocems-data-archive/2019/1069.csv.gz
1069,The West Coast Paper Mills Ltd,Dandeli,Karnataka,2020,https://archive.org/download/ocems-data-archive/2020/1069.csv.gz
1069,The West Coast Paper Mills Ltd,Dandeli,Karnataka,2021,https://archive.org/download/ocems-data-archive/2021/1069.csv.gz
1069,The West Coast Paper Mills Ltd,Dandeli,Karnataka,2022,https://archive.org/download/ocems-data-archive/2022/1069.csv.gz
1069,The West Coast Paper Mills Ltd,Dandeli,Karnataka,2023,https://archive.org/download/ocems-data-archive/2023/1069.csv.gz
1071,Mahalaxmi Crafts & Tissues Private Limited,Muzaffarnagar,UP,2016,https://archive.org/download/ocems-data-archive/2016/1071.csv.gz
1071,Mahalaxmi Crafts & Tissues Private Limited,Muzaffarnagar,UP,2017,https://archive.org/download/ocems-data-archive/2017/1071.csv.gz
1071,Mahalaxmi Crafts & Tissues Private Limited,Muzaffarnagar,UP,2018,https://archive.org/download/ocems-data-archive/2018/1071.csv.gz
1071,Mahalaxmi Crafts & Tissues Private Limited,Muzaffarnagar,UP,2019,https://archive.org/download/ocems-data-archive/2019/1071.csv.gz
1071,Mahalaxmi Crafts & Tissues Private Limited,Muzaffarnagar,UP,2020,https://archive.org/download/ocems-data-archive/2020/1071.csv.gz
1071,Mahalaxmi Crafts & Tissues Private Limited,Muzaffarnagar,UP,2021,https://archive.org/download/ocems-data-archive/2021/1071.csv.gz
1071,Mahalaxmi Crafts & Tissues Private Limited,Muzaffarnagar,UP,2022,https://archive.org/download/ocems-data-archive/2022/1071.csv.gz
1071,Mahalaxmi Crafts & Tissues Private Limited,Muzaffarnagar,UP,2023,https://archive.org/download/ocems-data-archive/2023/1071.csv.gz
1073,DECCAN FINE CHEMICALS (INDIA) PVT LTD (Old name: Syngenta India Limited),Tiswadi,Goa,2016,https://archive.org/download/ocems-data-archive/2016/1073.csv.gz
1073,DECCAN FINE CHEMICALS (INDIA) PVT LTD (Old name: Syngenta India Limited),Tiswadi,Goa,2017,https://archive.org/download/ocems-data-archive/2017/1073.csv.gz
1073,DECCAN FINE CHEMICALS (INDIA) PVT LTD (Old name: Syngenta India Limited),Tiswadi,Goa,2018,https://archive.org/download/ocems-data-archive/2018/1073.csv.gz
1073,DECCAN FINE CHEMICALS (INDIA) PVT LTD (Old name: Syngenta India Limited),Tiswadi,Goa,2019,https://archive.org/download/ocems-data-archive/2019/1073.csv.gz
1073,DECCAN FINE CHEMICALS (INDIA) PVT LTD (Old name: Syngenta India Limited),Tiswadi,Goa,2020,https://archive.org/download/ocems-data-archive/2020/1073.csv.gz
1073,DECCAN FINE CHEMICALS (INDIA) PVT LTD (Old name: Syngenta India Limited),Tiswadi,Goa,2021,https://archive.org/download/ocems-data-archive/2021/1073.csv.gz
1073,DECCAN FINE CHEMICALS (INDIA) PVT LTD (Old name: Syngenta India Limited),Tiswadi,Goa,2022,https://archive.org/download/ocems-data-archive/2022/1073.csv.gz
1073,DECCAN FINE CHEMICALS (INDIA) PVT LTD (Old name: Syngenta India Limited),Tiswadi,Goa,2023,https://archive.org/download/ocems-data-archive/2023/1073.csv.gz
1076,Silverton Pulp & Papers Pvt Ltd,Muzaffarnagar,UP,2016,https://archive.org/download/ocems-data-archive/2016/1076.csv.gz
1076,Silverton Pulp & Papers Pvt Ltd,Muzaffarnagar,UP,2017,https://archive.org/download/ocems-data-archive/2017/1076.csv.gz
1076,Silverton Pulp & Papers Pvt Ltd,Muzaffarnagar,UP,2018,https://archive.org/download/ocems-data-archive/2018/1076.csv.gz
1076,Silverton Pulp & Papers Pvt Ltd,Muzaffarnagar,UP,2019,https://archive.org/download/ocems-data-archive/2019/1076.csv.gz
1076,Silverton Pulp & Papers Pvt Ltd,Muzaffarnagar,UP,2020,https://archive.org/download/ocems-data-archive/2020/1076.csv.gz
1076,Silverton Pulp & Papers Pvt Ltd,Muzaffarnagar,UP,2021,https://archive.org/download/ocems-data-archive/2021/1076.csv.gz
1076,Silverton Pulp & Papers Pvt Ltd,Muzaffarnagar,UP,2022,https://archive.org/download/ocems-data-archive/2022/1076.csv.gz
1076,Silverton Pulp & Papers Pvt Ltd,Muzaffarnagar,UP,2023,https://archive.org/download/ocems-data-archive/2023/1076.csv.gz
1088,Hikal Ltd Mahad,Mahad,Maharashtra,2016,https://archive.org/download/ocems-data-archive/2016/1088.csv.gz
1088,Hikal Ltd Mahad,Mahad,Maharashtra,2017,https://archive.org/download/ocems-data-archive/2017/1088.csv.gz
1088,Hikal Ltd Mahad,Mahad,Maharashtra,2018,https://archive.org/download/ocems-data-archive/2018/1088.csv.gz
1088,Hikal Ltd Mahad,Mahad,Maharashtra,2019,https://archive.org/download/ocems-data-archive/2019/1088.csv.gz
1088,Hikal Ltd Mahad,Mahad,Maharashtra,2020,https://archive.org/download/ocems-data-archive/2020/1088.csv.gz
1088,Hikal Ltd Mahad,Mahad,Maharashtra,2021,https://archive.org/download/ocems-data-archive/2021/1088.csv.gz
1088,Hikal Ltd Mahad,Mahad,Maharashtra,2022,https://archive.org/download/ocems-data-archive/2022/1088.csv.gz
1088,Hikal Ltd Mahad,Mahad,Maharashtra,2023,https://archive.org/download/ocems-data-archive/2023/1088.csv.gz
1091,M/s. Solara Active Pharma Sciences Limited ( formerly known as Strides Chemical Private Limited (Formerly M/s Perrigo India Pvt Ltd),Ambernath,Maharashtra,2016,https://archive.org/download/ocems-data-archive/2016/1091.csv.gz
1091,M/s. Solara Active Pharma Sciences Limited ( formerly known as Strides Chemical Private Limited (Formerly M/s Perrigo India Pvt Ltd),Ambernath,Maharashtra,2017,https://archive.org/download/ocems-data-archive/2017/1091.csv.gz
1091,M/s. Solara Active Pharma Sciences Limited ( formerly known as Strides Chemical Private Limited (Formerly M/s Perrigo India Pvt Ltd),Ambernath,Maharashtra,2021,https://archive.org/download/ocems-data-archive/2021/1091.csv.gz
1091,M/s. Solara Active Pharma Sciences Limited ( formerly known as Strides Chemical Private Limited (Formerly M/s Perrigo India Pvt Ltd),Ambernath,Maharashtra,2022,https://archive.org/download/ocems-data-archive/2022/1091.csv.gz
1091,M/s. Solara Active Pharma Sciences Limited ( formerly known as Strides Chemical Private Limited (Formerly M/s Perrigo India Pvt Ltd),Ambernath,Maharashtra,2023,https://archive.org/download/ocems-data-archive/2023/1091.csv.gz
1092,Nikita Papers Limited,Shamli,UP,2016,https://archive.org/download/ocems-data-archive/2016/1092.csv.gz
1092,Nikita Papers Limited,Shamli,UP,2017,https://archive.org/download/ocems-data-archive/2017/1092.csv.gz
1092,Nikita Papers Limited,Shamli,UP,2018,https://archive.org/download/ocems-data-archive/2018/1092.csv.gz
1092,Nikita Papers Limited,Shamli,UP,2019,https://archive.org/download/ocems-data-archive/2019/1092.csv.gz
1092,Nikita Papers Limited,Shamli,UP,2020,https://archive.org/download/ocems-data-archive/2020/1092.csv.gz
1092,Nikita Papers Limited,Shamli,UP,2021,https://archive.org/download/ocems-data-archive/2021/1092.csv.gz
1092,Nikita Papers Limited,Shamli,UP,2022,https://archive.org/download/ocems-data-archive/2022/1092.csv.gz
1092,Nikita Papers Limited,Shamli,UP,2023,https://archive.org/download/ocems-data-archive/2023/1092.csv.gz
5489,MSPGCL-Paras Thermal Power Station,PARAS,Maharashtra,2017,https://archive.org/download/ocems-data-archive/2017/5489.csv.gz
5489,MSPGCL-Paras Thermal Power Station,PARAS,Maharashtra,2018,https://archive.org/download/ocems-data-archive/2018/5489.csv.gz
5489,MSPGCL-Paras Thermal Power Station,PARAS,Maharashtra,2019,https://archive.org/download/ocems-data-archive/2019/5489.csv.gz
5489,MSPGCL-Paras Thermal Power Station,PARAS,Maharashtra,2020,https://archive.org/download/ocems-data-archive/2020/5489.csv.gz
5489,MSPGCL-Paras Thermal Power Station,PARAS,Maharashtra,2021,https://archive.org/download/ocems-data-archive/2021/5489.csv.gz
5489,MSPGCL-Paras Thermal Power Station,PARAS,Maharashtra,2022,https://archive.org/download/ocems-data-archive/2022/5489.csv.gz
5489,MSPGCL-Paras Thermal Power Station,PARAS,Maharashtra,2023,https://archive.org/download/ocems-data-archive/2023/5489.csv.gz
